{"cameraMode":{"drawMode":0,"name":"Shaded","section":"Shading Mode"},"sceneLighting":false,"audioPlay":false,"sceneViewState":{"showFog":true,"showMaterialUpdate":false,"showSkybox":false,"showFlares":true,"showImageEffects":true,"showParticleSystems":true},"in2DMode":false,"pivot":{"x":-9.373377799987793,"y":2.005000114440918,"z":-71.17498016357422},"rotation":{"x":-0.2972032427787781,"y":0.11167214810848236,"z":-0.0350080169737339,"w":-0.9476343989372253},"size":0.9671501517295837,"orthographic":false}