{"cameraMode":{"drawMode":0,"name":"Shaded","section":"Shading Mode"},"sceneLighting":true,"audioPlay":false,"sceneViewState":{"showFog":true,"showMaterialUpdate":false,"showSkybox":true,"showFlares":true,"showImageEffects":true,"showParticleSystems":true},"in2DMode":false,"pivot":{"x":-1.2277452945709229,"y":4.520394325256348,"z":35.66658020019531},"rotation":{"x":0.04581271857023239,"y":-0.05960996076464653,"z":0.002731132321059704,"w":0.9971972107887268},"size":72.03738403320313,"orthographic":false}